index,keyword,title,price,region,time_info,article_url
0,맥북 프로,맥북 프로 14인치 M1 Pro 16GB 1TB,1380000,숭인제2동,,https://www.daangn.com/kr/buy-sell/%EB%A7%A5%EB%B6%81-%ED%94%84%EB%A1%9C-14%EC%9D%B8%EC%B9%98-m1-pro-16gb-1tb-3tmreo4yyr1u/
1,맥북 프로,맥북 프로 2020 13인치 스페이스 그레이,490000,공덕동,,https://www.daangn.com/kr/buy-sell/%EB%A7%A5%EB%B6%81-%ED%94%84%EB%A1%9C-2020-13%EC%9D%B8%EC%B9%98-%EC%8A%A4%ED%8E%98%EC%9D%B4%EC%8A%A4-%EA%B7%B8%EB%A0%88%EC%9D%B4-d8vpygep2zfx/
2,맥북 프로,맥북 프로 13인치 스페이스 그레이,200000,청평면,,https://www.daangn.com/kr/buy-sell/%EB%A7%A5%EB%B6%81-%ED%94%84%EB%A1%9C-13%EC%9D%B8%EC%B9%98-%EC%8A%A4%ED%8E%98%EC%9D%B4%EC%8A%A4-%EA%B7%B8%EB%A0%88%EC%9D%B4-xcyy6rvbf3i6/
3,맥북 프로,맥북프로 13인치 M1 8GB / 256GB,640000,청라1동,,https://www.daangn.com/kr/buy-sell/%EB%A7%A5%EB%B6%81%ED%94%84%EB%A1%9C-13%EC%9D%B8%EC%B9%98-m1-8gb-256gb-3zconpys3r1v/
4,맥북 프로,맥북 프로 M1 13인치 2020년식,610000,금호동4가,,https://www.daangn.com/kr/buy-sell/%EB%A7%A5%EB%B6%81-%ED%94%84%EB%A1%9C-m1-13%EC%9D%B8%EC%B9%98-2020%EB%85%84%EC%8B%9D-v3rriazounmg/
5,맥북 프로,애플 맥북 프로 13 M2 스페이스 그레이 256GB,500000,청파동1가,,https://www.daangn.com/kr/buy-sell/%EC%95%A0%ED%94%8C-%EB%A7%A5%EB%B6%81-%ED%94%84%EB%A1%9C-13-m2-%EC%8A%A4%ED%8E%98%EC%9D%B4%EC%8A%A4-%EA%B7%B8%EB%A0%88%EC%9D%B4-256gb-nogj7vbco8zw/
6,맥북 프로,맥북프로 2020 스페이스그레이 터치바,490000,공덕동,,https://www.daangn.com/kr/buy-sell/%EB%A7%A5%EB%B6%81%ED%94%84%EB%A1%9C-2020-%EC%8A%A4%ED%8E%98%EC%9D%B4%EC%8A%A4%EA%B7%B8%EB%A0%88%EC%9D%B4-%ED%84%B0%EC%B9%98%EB%B0%94-c7371f6xrcwm/
7,맥북 프로,맥북 프로 13인치 실버 (2015) i5,200000,도곡동,,https://www.daangn.com/kr/buy-sell/%EB%A7%A5%EB%B6%81-%ED%94%84%EB%A1%9C-13%EC%9D%B8%EC%B9%98-%EC%8B%A4%EB%B2%84-2015-i5-ia9uar4rx4vp/
8,맥북 프로,맥북 프로 16인치 2019 i7 16GB 512GB 실버 (박스포함),550000,포곡읍,,https://www.daangn.com/kr/buy-sell/%EB%A7%A5%EB%B6%81-%ED%94%84%EB%A1%9C-16%EC%9D%B8%EC%B9%98-2019-i7-16gb-512gb-%EC%8B%A4%EB%B2%84-%EB%B0%95%EC%8A%A4%ED%8F%AC%ED%95%A8-ohb8ob6pysdr/
9,맥북 프로,맥북 프로 13인치 2020 16G/ 512G,530000,하왕십리동,,https://www.daangn.com/kr/buy-sell/%EB%A7%A5%EB%B6%81-%ED%94%84%EB%A1%9C-13%EC%9D%B8%EC%B9%98-2020-16g-512g-ipu43bsqjg4j/
10,맥북 프로,Apple MacBook Pro 13인치 스페이스 그레이 (터치바),450000,흥인동,,https://www.daangn.com/kr/buy-sell/apple-macbook-pro-13%EC%9D%B8%EC%B9%98-%EC%8A%A4%ED%8E%98%EC%9D%B4%EC%8A%A4-%EA%B7%B8%EB%A0%88%EC%9D%B4-%ED%84%B0%EC%B9%98%EB%B0%94-s3v1ry2zhax5/
11,맥북 프로,Apple MacBook Pro 13인치 M1 스페이스 그레이,680000,,,https://www.daangn.com/kr/buy-sell/apple-macbook-pro-13%EC%9D%B8%EC%B9%98-m1-%EC%8A%A4%ED%8E%98%EC%9D%B4%EC%8A%A4-%EA%B7%B8%EB%A0%88%EC%9D%B4-v5xozs8xnz7x/
12,맥북 프로,2015 맥북 프로 13인치 256gb (macOS Monterey),150000,용문면,,https://www.daangn.com/kr/buy-sell/2015-%EB%A7%A5%EB%B6%81-%ED%94%84%EB%A1%9C-13%EC%9D%B8%EC%B9%98-256gb-macos-monterey-4mq3w49izjae/
13,맥북 프로,맥북프로 13인치 M1 16GB/512GB,870000,청라1동,,https://www.daangn.com/kr/buy-sell/%EB%A7%A5%EB%B6%81%ED%94%84%EB%A1%9C-13%EC%9D%B8%EC%B9%98-m1-16gb-512gb-5w3792ajcofz/
14,맥북 프로,미개봉 26년 새제품_애플 맥북 프로 14인치 M5 Pro 24gb 1TB 저장공간,3400000,용두동,,https://www.daangn.com/kr/buy-sell/%EB%AF%B8%EA%B0%9C%EB%B4%89-26%EB%85%84-%EC%83%88%EC%A0%9C%ED%92%88-%EC%95%A0%ED%94%8C-%EB%A7%A5%EB%B6%81-%ED%94%84%EB%A1%9C-14%EC%9D%B8%EC%B9%98-m5-pro-24gb-1tb-%EC%A0%80%EC%9E%A5%EA%B3%B5%EA%B0%84-kjr7gyicp6uh/
15,맥북 프로,맥북프로 14인치 M3 (애플케어 플러스),1330000,신사동,,https://www.daangn.com/kr/buy-sell/%EB%A7%A5%EB%B6%81%ED%94%84%EB%A1%9C-14%EC%9D%B8%EC%B9%98-m3-%EC%95%A0%ED%94%8C%EC%BC%80%EC%96%B4-%ED%94%8C%EB%9F%AC%EC%8A%A4-3csi1f9knfye/
16,맥북 프로,네고가능) 애플 맥북 프로 16인치 스페이스 그레이 판매합니다,855000,신당제5동,,https://www.daangn.com/kr/buy-sell/%EB%84%A4%EA%B3%A0%EA%B0%80%EB%8A%A5-%EC%95%A0%ED%94%8C-%EB%A7%A5%EB%B6%81-%ED%94%84%EB%A1%9C-16%EC%9D%B8%EC%B9%98-%EC%8A%A4%ED%8E%98%EC%9D%B4%EC%8A%A4-%EA%B7%B8%EB%A0%88%EC%9D%B4-%ED%8C%90%EB%A7%A4%ED%95%A9%EB%8B%88%EB%8B%A4-fzc15ugctb3c/
17,맥북 프로,맥북프로 14 m2pro 16gb/512 실버 풀박스 팝니다,1550000,왕조1동,,https://www.daangn.com/kr/buy-sell/%EB%A7%A5%EB%B6%81%ED%94%84%EB%A1%9C-14-m2pro-16gb-512-%EC%8B%A4%EB%B2%84-%ED%92%80%EB%B0%95%EC%8A%A4-%ED%8C%9D%EB%8B%88%EB%8B%A4-1o7z2zvnm8n6/
18,맥북 프로,2019 맥북프로 16인치 i9 16gb 1tb,580000,부곡동,,https://www.daangn.com/kr/buy-sell/2019-%EB%A7%A5%EB%B6%81%ED%94%84%EB%A1%9C-16%EC%9D%B8%EC%B9%98-i9-16gb-1tb-1erhqcoojn3v/
19,맥북 프로,Apple MacBook Pro 13 M2 2022년형(터치바),1050000,성수1가제2동,,https://www.daangn.com/kr/buy-sell/apple-macbook-pro-13-m2-2022%EB%85%84%ED%98%95-%ED%84%B0%EC%B9%98%EB%B0%94-9xz57cz39jcy/
20,맥북 프로,미개봉 Apple 맥북 프로 14 M5 Pro 스페이스 블랙 24GB 2TB,3700000,금호동1가,,https://www.daangn.com/kr/buy-sell/%EB%AF%B8%EA%B0%9C%EB%B4%89-apple-%EB%A7%A5%EB%B6%81-%ED%94%84%EB%A1%9C-14-m5-pro-%EC%8A%A4%ED%8E%98%EC%9D%B4%EC%8A%A4-%EB%B8%94%EB%9E%99-24gb-2tb-c54be47m7w3w/
21,맥북 프로,맥북 프로 14인치 M5 32GB 1tb 실버,3000000,성수1가제2동,,https://www.daangn.com/kr/buy-sell/%EB%A7%A5%EB%B6%81-%ED%94%84%EB%A1%9C-14%EC%9D%B8%EC%B9%98-m5-32gb-1tb-%EC%8B%A4%EB%B2%84-3qto9r1mkgfm/
22,맥북 프로,맥북 프로 13인치 2017 .250기가,190000,석현동,,https://www.daangn.com/kr/buy-sell/%EB%A7%A5%EB%B6%81-%ED%94%84%EB%A1%9C-13%EC%9D%B8%EC%B9%98-2017-250%EA%B8%B0%EA%B0%80-ipakp3g4gkqf/
23,맥북 프로,"[일괄판매/개별가능] 마지막 맥북프로 M5 Pro 미개봉 , iPad Pro, Dell U3225QE 모니터",650000,이촌동,,https://www.daangn.com/kr/buy-sell/%EC%9D%BC%EA%B4%84%ED%8C%90%EB%A7%A4-%EA%B0%9C%EB%B3%84%EA%B0%80%EB%8A%A5-%EB%A7%88%EC%A7%80%EB%A7%89-%EB%A7%A5%EB%B6%81%ED%94%84%EB%A1%9C-m5-pro-%EB%AF%B8%EA%B0%9C%EB%B4%89-ipad-pro-dell-u3225qe-%EB%AA%A8%EB%8B%88%ED%84%B0-c419181w244x/
24,맥북 프로,맥북 프로 15인치 2018년형 16GB RAM,350000,성수동1가,,https://www.daangn.com/kr/buy-sell/%EB%A7%A5%EB%B6%81-%ED%94%84%EB%A1%9C-15%EC%9D%B8%EC%B9%98-2018%EB%85%84%ED%98%95-16gb-ram-u9nygqc64fqn/
25,맥북 프로,[삽니다] 맥북프로 16인치 M4 Pro 24GB 512GB,2600000,,,https://www.daangn.com/kr/buy-sell/%EC%82%BD%EB%8B%88%EB%8B%A4-%EB%A7%A5%EB%B6%81%ED%94%84%EB%A1%9C-16%EC%9D%B8%EC%B9%98-m4-pro-24gb-512gb-4gt15osiq899/
26,맥북 프로,맥북 프로 13인치 실버,400000,청파동2가,,https://www.daangn.com/kr/buy-sell/%EB%A7%A5%EB%B6%81-%ED%94%84%EB%A1%9C-13%EC%9D%B8%EC%B9%98-%EC%8B%A4%EB%B2%84-jj415hn2yp2r/
27,맥북 프로,맥북프로 14 M2 Pro 16G/512G 스그 S급 (배터리 91%),1500000,성수동1가,,https://www.daangn.com/kr/buy-sell/%EB%A7%A5%EB%B6%81%ED%94%84%EB%A1%9C-14-m2-pro-16g-512g-%EC%8A%A4%EA%B7%B8-s%EA%B8%89-%EB%B0%B0%ED%84%B0%EB%A6%AC-91-8i5ma4rqeo3e/
28,맥북 프로,애플 맥북 프로 16인치 M1 Pro 32GB,1650000,압구정동,,https://www.daangn.com/kr/buy-sell/%EC%95%A0%ED%94%8C-%EB%A7%A5%EB%B6%81-%ED%94%84%EB%A1%9C-16%EC%9D%B8%EC%B9%98-m1-pro-32gb-gzfi7sw69og4/
29,맥북 프로,상태굿굿!! 맥북프로 M1 14인치 스페이스그레이,1310000,오포읍,,https://www.daangn.com/kr/buy-sell/%EC%83%81%ED%83%9C%EA%B5%BF%EA%B5%BF-%EB%A7%A5%EB%B6%81%ED%94%84%EB%A1%9C-m1-14%EC%9D%B8%EC%B9%98-%EC%8A%A4%ED%8E%98%EC%9D%B4%EC%8A%A4%EA%B7%B8%EB%A0%88%EC%9D%B4-8yj81oioeus3/
